train_accuracy,val_accuracy,test_accuracy,train_confidence_mean,val_confidence_mean,test_confidence_mean,train_val_gap,val_test_gap
1.0,0.9791666666666666,0.9583333333333334,0.9553716332789169,0.9503249332626048,0.9426389129700462,0.02083333333333337,0.02083333333333326
