train_accuracy,val_accuracy,test_accuracy,train_confidence_mean,val_confidence_mean,test_confidence_mean,train_val_gap,val_test_gap
1.0,0.95,0.9541666666666667,0.9322402843860229,0.9151982901872946,0.9149785362803945,0.050000000000000044,0.004166666666666763
